{"success_rate": 0.24812030075187969, "avg mean dev": 0.12312815303888709, "avg max dev": 0.46306573291494524, "avt time": 25.69886363636364}