{"success_rate": 0.985, "avg mean dev": 0.1772167915118993, "avg max dev": 0.4917212704683174, "avt time": 14.34890016920474}