{"success_rate": 0.37, "avg mean dev": 0.12457485354778393, "avg max dev": 0.4866213077637609, "avt time": 25.66385135135135}