{"success_rate": 0.545, "avg mean dev": 0.10799700715589643, "avg max dev": 0.3608709205363949, "avt time": 26.31422018348624}