{"success_rate": 1.0, "avg mean dev": 0.0832042518265689, "avg max dev": 0.2087977624179171, "avt time": 28.0353125}