{"success_rate": 0.9, "avg mean dev": 0.09544651389272778, "avg max dev": 0.27518674720550795, "avt time": 26.72789351851852}