{"success_rate": 0.84, "avg mean dev": 0.050015413070394796, "avg max dev": 0.14600480010865094, "avt time": 10.600198412698413}