{"success_rate": 0.65, "avg mean dev": 0.09089405700696154, "avg max dev": 0.31990355207647636, "avt time": 7.6365384615384615}