{"success_rate": 1.0, "avg mean dev": 0.059162827637631296, "avg max dev": 0.16593581238071026, "avt time": 7.975520833333333}