{"success_rate": 0.89, "avg mean dev": 0.05137655241343437, "avg max dev": 0.13753683996047075, "avt time": 10.08555711610487}