{"success_rate": 0.63, "avg mean dev": 0.10311593318089882, "avg max dev": 0.3717031316715189, "avt time": 6.941633597883598}