{"success_rate": 0.985, "avg mean dev": 0.04041489549514388, "avg max dev": 0.10670671689701489, "avt time": 12.831112521150594}