{"success_rate": 1.0, "avg mean dev": 0.055329710633770575, "avg max dev": 0.14755922572088923, "avt time": 8.720833333333333}