{"success_rate": 0.905, "avg mean dev": 0.04147831554306777, "avg max dev": 0.11397481162613411, "avt time": 12.297536832412524}