{"success_rate": 0.975, "avg mean dev": 0.06669087918802315, "avg max dev": 0.18716506352478024, "avt time": 7.37190170940171}