{"success_rate": 0.9, "avg mean dev": 0.04047496108721726, "avg max dev": 0.11434567473873974, "avt time": 12.834027777777777}