{"success_rate": 0.995, "avg mean dev": 0.0479035246600501, "avg max dev": 0.13378713995701388, "avt time": 11.178915410385262}