{"success_rate": 1.0, "avg mean dev": 0.07352028660670226, "avg max dev": 0.15524903772152088, "avt time": 7.877000000000001}