{"success_rate": 1.0, "avg mean dev": 0.054865328864566215, "avg max dev": 0.11682445084079252, "avt time": 11.584333333333333}