{"success_rate": 1.0, "avg mean dev": 0.054993429457834454, "avg max dev": 0.11922219990032348, "avt time": 12.4275}