{"success_rate": 1.0, "avg mean dev": 0.05452040296568206, "avg max dev": 0.11623220108892532, "avt time": 13.309833333333334}