{"success_rate": 1.0, "avg mean dev": 0.0685848078879867, "avg max dev": 0.14347174846572017, "avt time": 8.408666666666667}