{"success_rate": 1.0, "avg mean dev": 0.05366935459245257, "avg max dev": 0.1169495213803296, "avt time": 15.318333333333335}