{"success_rate": 1.0, "avg mean dev": 0.1193458593363777, "avg max dev": 0.30941458660227306, "avt time": 5.984666666666667}