{"success_rate": 1.0, "avg mean dev": 0.0902503011681891, "avg max dev": 0.2058263785149329, "avt time": 7.040333333333333}